"GEO_ID","id",
"NAME","Geographic Area Name",
"S2802_C01_001E","Total!!Estimate!!Total population in households",
"S2802_C01_001M","Total!!Margin of Error!!Total population in households",
"S2802_C01_002E","Total!!Estimate!!AGE!!Under 18 years",
"S2802_C01_002M","Total!!Margin of Error!!AGE!!Under 18 years",
"S2802_C01_003E","Total!!Estimate!!AGE!!18 to 64 years",
"S2802_C01_003M","Total!!Margin of Error!!AGE!!18 to 64 years",
"S2802_C01_004E","Total!!Estimate!!AGE!!65 years and over",
"S2802_C01_004M","Total!!Margin of Error!!AGE!!65 years and over",
"S2802_C01_005E","Total!!Estimate!!RACE AND HISPANIC OR LATINO ORIGIN!!White alone",
"S2802_C01_005M","Total!!Margin of Error!!RACE AND HISPANIC OR LATINO ORIGIN!!White alone",
"S2802_C01_006E","Total!!Estimate!!RACE AND HISPANIC OR LATINO ORIGIN!!Black or African American alone",
"S2802_C01_006M","Total!!Margin of Error!!RACE AND HISPANIC OR LATINO ORIGIN!!Black or African American alone",
"S2802_C01_007E","Total!!Estimate!!RACE AND HISPANIC OR LATINO ORIGIN!!American Indian and Alaska Native alone",
"S2802_C01_007M","Total!!Margin of Error!!RACE AND HISPANIC OR LATINO ORIGIN!!American Indian and Alaska Native alone",
"S2802_C01_008E","Total!!Estimate!!RACE AND HISPANIC OR LATINO ORIGIN!!Asian alone",
"S2802_C01_008M","Total!!Margin of Error!!RACE AND HISPANIC OR LATINO ORIGIN!!Asian alone",
"S2802_C01_009E","Total!!Estimate!!RACE AND HISPANIC OR LATINO ORIGIN!!Native Hawaiian and Other Pacific Islander alone",
"S2802_C01_009M","Total!!Margin of Error!!RACE AND HISPANIC OR LATINO ORIGIN!!Native Hawaiian and Other Pacific Islander alone",
"S2802_C01_010E","Total!!Estimate!!RACE AND HISPANIC OR LATINO ORIGIN!!Some other race alone",
"S2802_C01_010M","Total!!Margin of Error!!RACE AND HISPANIC OR LATINO ORIGIN!!Some other race alone",
"S2802_C01_011E","Total!!Estimate!!RACE AND HISPANIC OR LATINO ORIGIN!!Two or more races",
"S2802_C01_011M","Total!!Margin of Error!!RACE AND HISPANIC OR LATINO ORIGIN!!Two or more races",
"S2802_C01_012E","Total!!Estimate!!RACE AND HISPANIC OR LATINO ORIGIN!!Hispanic or Latino origin (of any race)",
"S2802_C01_012M","Total!!Margin of Error!!RACE AND HISPANIC OR LATINO ORIGIN!!Hispanic or Latino origin (of any race)",
"S2802_C01_013E","Total!!Estimate!!RACE AND HISPANIC OR LATINO ORIGIN!!White alone, not Hispanic or Latino",
"S2802_C01_013M","Total!!Margin of Error!!RACE AND HISPANIC OR LATINO ORIGIN!!White alone, not Hispanic or Latino",
"S2802_C01_014E","Total!!Estimate!!EDUCATIONAL ATTAINMENT!!Household population 25 years and over",
"S2802_C01_014M","Total!!Margin of Error!!EDUCATIONAL ATTAINMENT!!Household population 25 years and over",
"S2802_C01_015E","Total!!Estimate!!EDUCATIONAL ATTAINMENT!!Household population 25 years and over!!Less than high school graduate or equivalency",
"S2802_C01_015M","Total!!Margin of Error!!EDUCATIONAL ATTAINMENT!!Household population 25 years and over!!Less than high school graduate or equivalency",
"S2802_C01_016E","Total!!Estimate!!EDUCATIONAL ATTAINMENT!!Household population 25 years and over!!High school graduate (includes equivalency), some college or associate's degree",
"S2802_C01_016M","Total!!Margin of Error!!EDUCATIONAL ATTAINMENT!!Household population 25 years and over!!High school graduate (includes equivalency), some college or associate's degree",
"S2802_C01_017E","Total!!Estimate!!EDUCATIONAL ATTAINMENT!!Household population 25 years and over!!Bachelor's degree or higher",
"S2802_C01_017M","Total!!Margin of Error!!EDUCATIONAL ATTAINMENT!!Household population 25 years and over!!Bachelor's degree or higher",
"S2802_C01_018E","Total!!Estimate!!EMPLOYMENT STATUS!!Civilian population 16 years and over",
"S2802_C01_018M","Total!!Margin of Error!!EMPLOYMENT STATUS!!Civilian population 16 years and over",
"S2802_C01_019E","Total!!Estimate!!EMPLOYMENT STATUS!!Civilian population 16 years and over!!In labor force",
"S2802_C01_019M","Total!!Margin of Error!!EMPLOYMENT STATUS!!Civilian population 16 years and over!!In labor force",
"S2802_C01_020E","Total!!Estimate!!EMPLOYMENT STATUS!!Civilian population 16 years and over!!In labor force!!Employed",
"S2802_C01_020M","Total!!Margin of Error!!EMPLOYMENT STATUS!!Civilian population 16 years and over!!In labor force!!Employed",
"S2802_C01_021E","Total!!Estimate!!EMPLOYMENT STATUS!!Civilian population 16 years and over!!In labor force!!Unemployed",
"S2802_C01_021M","Total!!Margin of Error!!EMPLOYMENT STATUS!!Civilian population 16 years and over!!In labor force!!Unemployed",
"S2802_C01_022E","Total!!Estimate!!EMPLOYMENT STATUS!!Civilian population 16 years and over!!Not in labor force",
"S2802_C01_022M","Total!!Margin of Error!!EMPLOYMENT STATUS!!Civilian population 16 years and over!!Not in labor force",
"S2802_C02_001E","With a computer!!Broadband Internet Subscription!!Estimate!!Total population in households",
"S2802_C02_001M","With a computer!!Broadband Internet Subscription!!Margin of Error!!Total population in households",
"S2802_C02_002E","With a computer!!Broadband Internet Subscription!!Estimate!!AGE!!Under 18 years",
"S2802_C02_002M","With a computer!!Broadband Internet Subscription!!Margin of Error!!AGE!!Under 18 years",
"S2802_C02_003E","With a computer!!Broadband Internet Subscription!!Estimate!!AGE!!18 to 64 years",
"S2802_C02_003M","With a computer!!Broadband Internet Subscription!!Margin of Error!!AGE!!18 to 64 years",
"S2802_C02_004E","With a computer!!Broadband Internet Subscription!!Estimate!!AGE!!65 years and over",
"S2802_C02_004M","With a computer!!Broadband Internet Subscription!!Margin of Error!!AGE!!65 years and over",
"S2802_C02_005E","With a computer!!Broadband Internet Subscription!!Estimate!!RACE AND HISPANIC OR LATINO ORIGIN!!White alone",
"S2802_C02_005M","With a computer!!Broadband Internet Subscription!!Margin of Error!!RACE AND HISPANIC OR LATINO ORIGIN!!White alone",
"S2802_C02_006E","With a computer!!Broadband Internet Subscription!!Estimate!!RACE AND HISPANIC OR LATINO ORIGIN!!Black or African American alone",
"S2802_C02_006M","With a computer!!Broadband Internet Subscription!!Margin of Error!!RACE AND HISPANIC OR LATINO ORIGIN!!Black or African American alone",
"S2802_C02_007E","With a computer!!Broadband Internet Subscription!!Estimate!!RACE AND HISPANIC OR LATINO ORIGIN!!American Indian and Alaska Native alone",
"S2802_C02_007M","With a computer!!Broadband Internet Subscription!!Margin of Error!!RACE AND HISPANIC OR LATINO ORIGIN!!American Indian and Alaska Native alone",
"S2802_C02_008E","With a computer!!Broadband Internet Subscription!!Estimate!!RACE AND HISPANIC OR LATINO ORIGIN!!Asian alone",
"S2802_C02_008M","With a computer!!Broadband Internet Subscription!!Margin of Error!!RACE AND HISPANIC OR LATINO ORIGIN!!Asian alone",
"S2802_C02_009E","With a computer!!Broadband Internet Subscription!!Estimate!!RACE AND HISPANIC OR LATINO ORIGIN!!Native Hawaiian and Other Pacific Islander alone",
"S2802_C02_009M","With a computer!!Broadband Internet Subscription!!Margin of Error!!RACE AND HISPANIC OR LATINO ORIGIN!!Native Hawaiian and Other Pacific Islander alone",
"S2802_C02_010E","With a computer!!Broadband Internet Subscription!!Estimate!!RACE AND HISPANIC OR LATINO ORIGIN!!Some other race alone",
"S2802_C02_010M","With a computer!!Broadband Internet Subscription!!Margin of Error!!RACE AND HISPANIC OR LATINO ORIGIN!!Some other race alone",
"S2802_C02_011E","With a computer!!Broadband Internet Subscription!!Estimate!!RACE AND HISPANIC OR LATINO ORIGIN!!Two or more races",
"S2802_C02_011M","With a computer!!Broadband Internet Subscription!!Margin of Error!!RACE AND HISPANIC OR LATINO ORIGIN!!Two or more races",
"S2802_C02_012E","With a computer!!Broadband Internet Subscription!!Estimate!!RACE AND HISPANIC OR LATINO ORIGIN!!Hispanic or Latino origin (of any race)",
"S2802_C02_012M","With a computer!!Broadband Internet Subscription!!Margin of Error!!RACE AND HISPANIC OR LATINO ORIGIN!!Hispanic or Latino origin (of any race)",
"S2802_C02_013E","With a computer!!Broadband Internet Subscription!!Estimate!!RACE AND HISPANIC OR LATINO ORIGIN!!White alone, not Hispanic or Latino",
"S2802_C02_013M","With a computer!!Broadband Internet Subscription!!Margin of Error!!RACE AND HISPANIC OR LATINO ORIGIN!!White alone, not Hispanic or Latino",
"S2802_C02_014E","With a computer!!Broadband Internet Subscription!!Estimate!!EDUCATIONAL ATTAINMENT!!Household population 25 years and over",
"S2802_C02_014M","With a computer!!Broadband Internet Subscription!!Margin of Error!!EDUCATIONAL ATTAINMENT!!Household population 25 years and over",
"S2802_C02_015E","With a computer!!Broadband Internet Subscription!!Estimate!!EDUCATIONAL ATTAINMENT!!Household population 25 years and over!!Less than high school graduate or equivalency",
"S2802_C02_015M","With a computer!!Broadband Internet Subscription!!Margin of Error!!EDUCATIONAL ATTAINMENT!!Household population 25 years and over!!Less than high school graduate or equivalency",
"S2802_C02_016E","With a computer!!Broadband Internet Subscription!!Estimate!!EDUCATIONAL ATTAINMENT!!Household population 25 years and over!!High school graduate (includes equivalency), some college or associate's degree",
"S2802_C02_016M","With a computer!!Broadband Internet Subscription!!Margin of Error!!EDUCATIONAL ATTAINMENT!!Household population 25 years and over!!High school graduate (includes equivalency), some college or associate's degree",
"S2802_C02_017E","With a computer!!Broadband Internet Subscription!!Estimate!!EDUCATIONAL ATTAINMENT!!Household population 25 years and over!!Bachelor's degree or higher",
"S2802_C02_017M","With a computer!!Broadband Internet Subscription!!Margin of Error!!EDUCATIONAL ATTAINMENT!!Household population 25 years and over!!Bachelor's degree or higher",
"S2802_C02_018E","With a computer!!Broadband Internet Subscription!!Estimate!!EMPLOYMENT STATUS!!Civilian population 16 years and over",
"S2802_C02_018M","With a computer!!Broadband Internet Subscription!!Margin of Error!!EMPLOYMENT STATUS!!Civilian population 16 years and over",
"S2802_C02_019E","With a computer!!Broadband Internet Subscription!!Estimate!!EMPLOYMENT STATUS!!Civilian population 16 years and over!!In labor force",
"S2802_C02_019M","With a computer!!Broadband Internet Subscription!!Margin of Error!!EMPLOYMENT STATUS!!Civilian population 16 years and over!!In labor force",
"S2802_C02_020E","With a computer!!Broadband Internet Subscription!!Estimate!!EMPLOYMENT STATUS!!Civilian population 16 years and over!!In labor force!!Employed",
"S2802_C02_020M","With a computer!!Broadband Internet Subscription!!Margin of Error!!EMPLOYMENT STATUS!!Civilian population 16 years and over!!In labor force!!Employed",
"S2802_C02_021E","With a computer!!Broadband Internet Subscription!!Estimate!!EMPLOYMENT STATUS!!Civilian population 16 years and over!!In labor force!!Unemployed",
"S2802_C02_021M","With a computer!!Broadband Internet Subscription!!Margin of Error!!EMPLOYMENT STATUS!!Civilian population 16 years and over!!In labor force!!Unemployed",
"S2802_C02_022E","With a computer!!Broadband Internet Subscription!!Estimate!!EMPLOYMENT STATUS!!Civilian population 16 years and over!!Not in labor force",
"S2802_C02_022M","With a computer!!Broadband Internet Subscription!!Margin of Error!!EMPLOYMENT STATUS!!Civilian population 16 years and over!!Not in labor force",
"S2802_C03_001E","With a computer!!Percent  Broadband Internet Subscription!!Estimate!!Total population in households",
"S2802_C03_001M","With a computer!!Percent  Broadband Internet Subscription!!Margin of Error!!Total population in households",
"S2802_C03_002E","With a computer!!Percent  Broadband Internet Subscription!!Estimate!!AGE!!Under 18 years",
"S2802_C03_002M","With a computer!!Percent  Broadband Internet Subscription!!Margin of Error!!AGE!!Under 18 years",
"S2802_C03_003E","With a computer!!Percent  Broadband Internet Subscription!!Estimate!!AGE!!18 to 64 years",
"S2802_C03_003M","With a computer!!Percent  Broadband Internet Subscription!!Margin of Error!!AGE!!18 to 64 years",
"S2802_C03_004E","With a computer!!Percent  Broadband Internet Subscription!!Estimate!!AGE!!65 years and over",
"S2802_C03_004M","With a computer!!Percent  Broadband Internet Subscription!!Margin of Error!!AGE!!65 years and over",
"S2802_C03_005E","With a computer!!Percent  Broadband Internet Subscription!!Estimate!!RACE AND HISPANIC OR LATINO ORIGIN!!White alone",
"S2802_C03_005M","With a computer!!Percent  Broadband Internet Subscription!!Margin of Error!!RACE AND HISPANIC OR LATINO ORIGIN!!White alone",
"S2802_C03_006E","With a computer!!Percent  Broadband Internet Subscription!!Estimate!!RACE AND HISPANIC OR LATINO ORIGIN!!Black or African American alone",
"S2802_C03_006M","With a computer!!Percent  Broadband Internet Subscription!!Margin of Error!!RACE AND HISPANIC OR LATINO ORIGIN!!Black or African American alone",
"S2802_C03_007E","With a computer!!Percent  Broadband Internet Subscription!!Estimate!!RACE AND HISPANIC OR LATINO ORIGIN!!American Indian and Alaska Native alone",
"S2802_C03_007M","With a computer!!Percent  Broadband Internet Subscription!!Margin of Error!!RACE AND HISPANIC OR LATINO ORIGIN!!American Indian and Alaska Native alone",
"S2802_C03_008E","With a computer!!Percent  Broadband Internet Subscription!!Estimate!!RACE AND HISPANIC OR LATINO ORIGIN!!Asian alone",
"S2802_C03_008M","With a computer!!Percent  Broadband Internet Subscription!!Margin of Error!!RACE AND HISPANIC OR LATINO ORIGIN!!Asian alone",
"S2802_C03_009E","With a computer!!Percent  Broadband Internet Subscription!!Estimate!!RACE AND HISPANIC OR LATINO ORIGIN!!Native Hawaiian and Other Pacific Islander alone",
"S2802_C03_009M","With a computer!!Percent  Broadband Internet Subscription!!Margin of Error!!RACE AND HISPANIC OR LATINO ORIGIN!!Native Hawaiian and Other Pacific Islander alone",
"S2802_C03_010E","With a computer!!Percent  Broadband Internet Subscription!!Estimate!!RACE AND HISPANIC OR LATINO ORIGIN!!Some other race alone",
"S2802_C03_010M","With a computer!!Percent  Broadband Internet Subscription!!Margin of Error!!RACE AND HISPANIC OR LATINO ORIGIN!!Some other race alone",
"S2802_C03_011E","With a computer!!Percent  Broadband Internet Subscription!!Estimate!!RACE AND HISPANIC OR LATINO ORIGIN!!Two or more races",
"S2802_C03_011M","With a computer!!Percent  Broadband Internet Subscription!!Margin of Error!!RACE AND HISPANIC OR LATINO ORIGIN!!Two or more races",
"S2802_C03_012E","With a computer!!Percent  Broadband Internet Subscription!!Estimate!!RACE AND HISPANIC OR LATINO ORIGIN!!Hispanic or Latino origin (of any race)",
"S2802_C03_012M","With a computer!!Percent  Broadband Internet Subscription!!Margin of Error!!RACE AND HISPANIC OR LATINO ORIGIN!!Hispanic or Latino origin (of any race)",
"S2802_C03_013E","With a computer!!Percent  Broadband Internet Subscription!!Estimate!!RACE AND HISPANIC OR LATINO ORIGIN!!White alone, not Hispanic or Latino",
"S2802_C03_013M","With a computer!!Percent  Broadband Internet Subscription!!Margin of Error!!RACE AND HISPANIC OR LATINO ORIGIN!!White alone, not Hispanic or Latino",
"S2802_C03_014E","With a computer!!Percent  Broadband Internet Subscription!!Estimate!!EDUCATIONAL ATTAINMENT!!Household population 25 years and over",
"S2802_C03_014M","With a computer!!Percent  Broadband Internet Subscription!!Margin of Error!!EDUCATIONAL ATTAINMENT!!Household population 25 years and over",
"S2802_C03_015E","With a computer!!Percent  Broadband Internet Subscription!!Estimate!!EDUCATIONAL ATTAINMENT!!Household population 25 years and over!!Less than high school graduate or equivalency",
"S2802_C03_015M","With a computer!!Percent  Broadband Internet Subscription!!Margin of Error!!EDUCATIONAL ATTAINMENT!!Household population 25 years and over!!Less than high school graduate or equivalency",
"S2802_C03_016E","With a computer!!Percent  Broadband Internet Subscription!!Estimate!!EDUCATIONAL ATTAINMENT!!Household population 25 years and over!!High school graduate (includes equivalency), some college or associate's degree",
"S2802_C03_016M","With a computer!!Percent  Broadband Internet Subscription!!Margin of Error!!EDUCATIONAL ATTAINMENT!!Household population 25 years and over!!High school graduate (includes equivalency), some college or associate's degree",
"S2802_C03_017E","With a computer!!Percent  Broadband Internet Subscription!!Estimate!!EDUCATIONAL ATTAINMENT!!Household population 25 years and over!!Bachelor's degree or higher",
"S2802_C03_017M","With a computer!!Percent  Broadband Internet Subscription!!Margin of Error!!EDUCATIONAL ATTAINMENT!!Household population 25 years and over!!Bachelor's degree or higher",
"S2802_C03_018E","With a computer!!Percent  Broadband Internet Subscription!!Estimate!!EMPLOYMENT STATUS!!Civilian population 16 years and over",
"S2802_C03_018M","With a computer!!Percent  Broadband Internet Subscription!!Margin of Error!!EMPLOYMENT STATUS!!Civilian population 16 years and over",
"S2802_C03_019E","With a computer!!Percent  Broadband Internet Subscription!!Estimate!!EMPLOYMENT STATUS!!Civilian population 16 years and over!!In labor force",
"S2802_C03_019M","With a computer!!Percent  Broadband Internet Subscription!!Margin of Error!!EMPLOYMENT STATUS!!Civilian population 16 years and over!!In labor force",
"S2802_C03_020E","With a computer!!Percent  Broadband Internet Subscription!!Estimate!!EMPLOYMENT STATUS!!Civilian population 16 years and over!!In labor force!!Employed",
"S2802_C03_020M","With a computer!!Percent  Broadband Internet Subscription!!Margin of Error!!EMPLOYMENT STATUS!!Civilian population 16 years and over!!In labor force!!Employed",
"S2802_C03_021E","With a computer!!Percent  Broadband Internet Subscription!!Estimate!!EMPLOYMENT STATUS!!Civilian population 16 years and over!!In labor force!!Unemployed",
"S2802_C03_021M","With a computer!!Percent  Broadband Internet Subscription!!Margin of Error!!EMPLOYMENT STATUS!!Civilian population 16 years and over!!In labor force!!Unemployed",
"S2802_C03_022E","With a computer!!Percent  Broadband Internet Subscription!!Estimate!!EMPLOYMENT STATUS!!Civilian population 16 years and over!!Not in labor force",
"S2802_C03_022M","With a computer!!Percent  Broadband Internet Subscription!!Margin of Error!!EMPLOYMENT STATUS!!Civilian population 16 years and over!!Not in labor force",
"S2802_C04_001E","With a computer!!Without an Internet Subscription!!Estimate!!Total population in households",
"S2802_C04_001M","With a computer!!Without an Internet Subscription!!Margin of Error!!Total population in households",
"S2802_C04_002E","With a computer!!Without an Internet Subscription!!Estimate!!AGE!!Under 18 years",
"S2802_C04_002M","With a computer!!Without an Internet Subscription!!Margin of Error!!AGE!!Under 18 years",
"S2802_C04_003E","With a computer!!Without an Internet Subscription!!Estimate!!AGE!!18 to 64 years",
"S2802_C04_003M","With a computer!!Without an Internet Subscription!!Margin of Error!!AGE!!18 to 64 years",
"S2802_C04_004E","With a computer!!Without an Internet Subscription!!Estimate!!AGE!!65 years and over",
"S2802_C04_004M","With a computer!!Without an Internet Subscription!!Margin of Error!!AGE!!65 years and over",
"S2802_C04_005E","With a computer!!Without an Internet Subscription!!Estimate!!RACE AND HISPANIC OR LATINO ORIGIN!!White alone",
"S2802_C04_005M","With a computer!!Without an Internet Subscription!!Margin of Error!!RACE AND HISPANIC OR LATINO ORIGIN!!White alone",
"S2802_C04_006E","With a computer!!Without an Internet Subscription!!Estimate!!RACE AND HISPANIC OR LATINO ORIGIN!!Black or African American alone",
"S2802_C04_006M","With a computer!!Without an Internet Subscription!!Margin of Error!!RACE AND HISPANIC OR LATINO ORIGIN!!Black or African American alone",
"S2802_C04_007E","With a computer!!Without an Internet Subscription!!Estimate!!RACE AND HISPANIC OR LATINO ORIGIN!!American Indian and Alaska Native alone",
"S2802_C04_007M","With a computer!!Without an Internet Subscription!!Margin of Error!!RACE AND HISPANIC OR LATINO ORIGIN!!American Indian and Alaska Native alone",
"S2802_C04_008E","With a computer!!Without an Internet Subscription!!Estimate!!RACE AND HISPANIC OR LATINO ORIGIN!!Asian alone",
"S2802_C04_008M","With a computer!!Without an Internet Subscription!!Margin of Error!!RACE AND HISPANIC OR LATINO ORIGIN!!Asian alone",
"S2802_C04_009E","With a computer!!Without an Internet Subscription!!Estimate!!RACE AND HISPANIC OR LATINO ORIGIN!!Native Hawaiian and Other Pacific Islander alone",
"S2802_C04_009M","With a computer!!Without an Internet Subscription!!Margin of Error!!RACE AND HISPANIC OR LATINO ORIGIN!!Native Hawaiian and Other Pacific Islander alone",
"S2802_C04_010E","With a computer!!Without an Internet Subscription!!Estimate!!RACE AND HISPANIC OR LATINO ORIGIN!!Some other race alone",
"S2802_C04_010M","With a computer!!Without an Internet Subscription!!Margin of Error!!RACE AND HISPANIC OR LATINO ORIGIN!!Some other race alone",
"S2802_C04_011E","With a computer!!Without an Internet Subscription!!Estimate!!RACE AND HISPANIC OR LATINO ORIGIN!!Two or more races",
"S2802_C04_011M","With a computer!!Without an Internet Subscription!!Margin of Error!!RACE AND HISPANIC OR LATINO ORIGIN!!Two or more races",
"S2802_C04_012E","With a computer!!Without an Internet Subscription!!Estimate!!RACE AND HISPANIC OR LATINO ORIGIN!!Hispanic or Latino origin (of any race)",
"S2802_C04_012M","With a computer!!Without an Internet Subscription!!Margin of Error!!RACE AND HISPANIC OR LATINO ORIGIN!!Hispanic or Latino origin (of any race)",
"S2802_C04_013E","With a computer!!Without an Internet Subscription!!Estimate!!RACE AND HISPANIC OR LATINO ORIGIN!!White alone, not Hispanic or Latino",
"S2802_C04_013M","With a computer!!Without an Internet Subscription!!Margin of Error!!RACE AND HISPANIC OR LATINO ORIGIN!!White alone, not Hispanic or Latino",
"S2802_C04_014E","With a computer!!Without an Internet Subscription!!Estimate!!EDUCATIONAL ATTAINMENT!!Household population 25 years and over",
"S2802_C04_014M","With a computer!!Without an Internet Subscription!!Margin of Error!!EDUCATIONAL ATTAINMENT!!Household population 25 years and over",
"S2802_C04_015E","With a computer!!Without an Internet Subscription!!Estimate!!EDUCATIONAL ATTAINMENT!!Household population 25 years and over!!Less than high school graduate or equivalency",
"S2802_C04_015M","With a computer!!Without an Internet Subscription!!Margin of Error!!EDUCATIONAL ATTAINMENT!!Household population 25 years and over!!Less than high school graduate or equivalency",
"S2802_C04_016E","With a computer!!Without an Internet Subscription!!Estimate!!EDUCATIONAL ATTAINMENT!!Household population 25 years and over!!High school graduate (includes equivalency), some college or associate's degree",
"S2802_C04_016M","With a computer!!Without an Internet Subscription!!Margin of Error!!EDUCATIONAL ATTAINMENT!!Household population 25 years and over!!High school graduate (includes equivalency), some college or associate's degree",
"S2802_C04_017E","With a computer!!Without an Internet Subscription!!Estimate!!EDUCATIONAL ATTAINMENT!!Household population 25 years and over!!Bachelor's degree or higher",
"S2802_C04_017M","With a computer!!Without an Internet Subscription!!Margin of Error!!EDUCATIONAL ATTAINMENT!!Household population 25 years and over!!Bachelor's degree or higher",
"S2802_C04_018E","With a computer!!Without an Internet Subscription!!Estimate!!EMPLOYMENT STATUS!!Civilian population 16 years and over",
"S2802_C04_018M","With a computer!!Without an Internet Subscription!!Margin of Error!!EMPLOYMENT STATUS!!Civilian population 16 years and over",
"S2802_C04_019E","With a computer!!Without an Internet Subscription!!Estimate!!EMPLOYMENT STATUS!!Civilian population 16 years and over!!In labor force",
"S2802_C04_019M","With a computer!!Without an Internet Subscription!!Margin of Error!!EMPLOYMENT STATUS!!Civilian population 16 years and over!!In labor force",
"S2802_C04_020E","With a computer!!Without an Internet Subscription!!Estimate!!EMPLOYMENT STATUS!!Civilian population 16 years and over!!In labor force!!Employed",
"S2802_C04_020M","With a computer!!Without an Internet Subscription!!Margin of Error!!EMPLOYMENT STATUS!!Civilian population 16 years and over!!In labor force!!Employed",
"S2802_C04_021E","With a computer!!Without an Internet Subscription!!Estimate!!EMPLOYMENT STATUS!!Civilian population 16 years and over!!In labor force!!Unemployed",
"S2802_C04_021M","With a computer!!Without an Internet Subscription!!Margin of Error!!EMPLOYMENT STATUS!!Civilian population 16 years and over!!In labor force!!Unemployed",
"S2802_C04_022E","With a computer!!Without an Internet Subscription!!Estimate!!EMPLOYMENT STATUS!!Civilian population 16 years and over!!Not in labor force",
"S2802_C04_022M","With a computer!!Without an Internet Subscription!!Margin of Error!!EMPLOYMENT STATUS!!Civilian population 16 years and over!!Not in labor force",
"S2802_C05_001E","With a computer!!Percent without an Internet Subscription!!Estimate!!Total population in households",
"S2802_C05_001M","With a computer!!Percent without an Internet Subscription!!Margin of Error!!Total population in households",
"S2802_C05_002E","With a computer!!Percent without an Internet Subscription!!Estimate!!AGE!!Under 18 years",
"S2802_C05_002M","With a computer!!Percent without an Internet Subscription!!Margin of Error!!AGE!!Under 18 years",
"S2802_C05_003E","With a computer!!Percent without an Internet Subscription!!Estimate!!AGE!!18 to 64 years",
"S2802_C05_003M","With a computer!!Percent without an Internet Subscription!!Margin of Error!!AGE!!18 to 64 years",
"S2802_C05_004E","With a computer!!Percent without an Internet Subscription!!Estimate!!AGE!!65 years and over",
"S2802_C05_004M","With a computer!!Percent without an Internet Subscription!!Margin of Error!!AGE!!65 years and over",
"S2802_C05_005E","With a computer!!Percent without an Internet Subscription!!Estimate!!RACE AND HISPANIC OR LATINO ORIGIN!!White alone",
"S2802_C05_005M","With a computer!!Percent without an Internet Subscription!!Margin of Error!!RACE AND HISPANIC OR LATINO ORIGIN!!White alone",
"S2802_C05_006E","With a computer!!Percent without an Internet Subscription!!Estimate!!RACE AND HISPANIC OR LATINO ORIGIN!!Black or African American alone",
"S2802_C05_006M","With a computer!!Percent without an Internet Subscription!!Margin of Error!!RACE AND HISPANIC OR LATINO ORIGIN!!Black or African American alone",
"S2802_C05_007E","With a computer!!Percent without an Internet Subscription!!Estimate!!RACE AND HISPANIC OR LATINO ORIGIN!!American Indian and Alaska Native alone",
"S2802_C05_007M","With a computer!!Percent without an Internet Subscription!!Margin of Error!!RACE AND HISPANIC OR LATINO ORIGIN!!American Indian and Alaska Native alone",
"S2802_C05_008E","With a computer!!Percent without an Internet Subscription!!Estimate!!RACE AND HISPANIC OR LATINO ORIGIN!!Asian alone",
"S2802_C05_008M","With a computer!!Percent without an Internet Subscription!!Margin of Error!!RACE AND HISPANIC OR LATINO ORIGIN!!Asian alone",
"S2802_C05_009E","With a computer!!Percent without an Internet Subscription!!Estimate!!RACE AND HISPANIC OR LATINO ORIGIN!!Native Hawaiian and Other Pacific Islander alone",
"S2802_C05_009M","With a computer!!Percent without an Internet Subscription!!Margin of Error!!RACE AND HISPANIC OR LATINO ORIGIN!!Native Hawaiian and Other Pacific Islander alone",
"S2802_C05_010E","With a computer!!Percent without an Internet Subscription!!Estimate!!RACE AND HISPANIC OR LATINO ORIGIN!!Some other race alone",
"S2802_C05_010M","With a computer!!Percent without an Internet Subscription!!Margin of Error!!RACE AND HISPANIC OR LATINO ORIGIN!!Some other race alone",
"S2802_C05_011E","With a computer!!Percent without an Internet Subscription!!Estimate!!RACE AND HISPANIC OR LATINO ORIGIN!!Two or more races",
"S2802_C05_011M","With a computer!!Percent without an Internet Subscription!!Margin of Error!!RACE AND HISPANIC OR LATINO ORIGIN!!Two or more races",
"S2802_C05_012E","With a computer!!Percent without an Internet Subscription!!Estimate!!RACE AND HISPANIC OR LATINO ORIGIN!!Hispanic or Latino origin (of any race)",
"S2802_C05_012M","With a computer!!Percent without an Internet Subscription!!Margin of Error!!RACE AND HISPANIC OR LATINO ORIGIN!!Hispanic or Latino origin (of any race)",
"S2802_C05_013E","With a computer!!Percent without an Internet Subscription!!Estimate!!RACE AND HISPANIC OR LATINO ORIGIN!!White alone, not Hispanic or Latino",
"S2802_C05_013M","With a computer!!Percent without an Internet Subscription!!Margin of Error!!RACE AND HISPANIC OR LATINO ORIGIN!!White alone, not Hispanic or Latino",
"S2802_C05_014E","With a computer!!Percent without an Internet Subscription!!Estimate!!EDUCATIONAL ATTAINMENT!!Household population 25 years and over",
"S2802_C05_014M","With a computer!!Percent without an Internet Subscription!!Margin of Error!!EDUCATIONAL ATTAINMENT!!Household population 25 years and over",
"S2802_C05_015E","With a computer!!Percent without an Internet Subscription!!Estimate!!EDUCATIONAL ATTAINMENT!!Household population 25 years and over!!Less than high school graduate or equivalency",
"S2802_C05_015M","With a computer!!Percent without an Internet Subscription!!Margin of Error!!EDUCATIONAL ATTAINMENT!!Household population 25 years and over!!Less than high school graduate or equivalency",
"S2802_C05_016E","With a computer!!Percent without an Internet Subscription!!Estimate!!EDUCATIONAL ATTAINMENT!!Household population 25 years and over!!High school graduate (includes equivalency), some college or associate's degree",
"S2802_C05_016M","With a computer!!Percent without an Internet Subscription!!Margin of Error!!EDUCATIONAL ATTAINMENT!!Household population 25 years and over!!High school graduate (includes equivalency), some college or associate's degree",
"S2802_C05_017E","With a computer!!Percent without an Internet Subscription!!Estimate!!EDUCATIONAL ATTAINMENT!!Household population 25 years and over!!Bachelor's degree or higher",
"S2802_C05_017M","With a computer!!Percent without an Internet Subscription!!Margin of Error!!EDUCATIONAL ATTAINMENT!!Household population 25 years and over!!Bachelor's degree or higher",
"S2802_C05_018E","With a computer!!Percent without an Internet Subscription!!Estimate!!EMPLOYMENT STATUS!!Civilian population 16 years and over",
"S2802_C05_018M","With a computer!!Percent without an Internet Subscription!!Margin of Error!!EMPLOYMENT STATUS!!Civilian population 16 years and over",
"S2802_C05_019E","With a computer!!Percent without an Internet Subscription!!Estimate!!EMPLOYMENT STATUS!!Civilian population 16 years and over!!In labor force",
"S2802_C05_019M","With a computer!!Percent without an Internet Subscription!!Margin of Error!!EMPLOYMENT STATUS!!Civilian population 16 years and over!!In labor force",
"S2802_C05_020E","With a computer!!Percent without an Internet Subscription!!Estimate!!EMPLOYMENT STATUS!!Civilian population 16 years and over!!In labor force!!Employed",
"S2802_C05_020M","With a computer!!Percent without an Internet Subscription!!Margin of Error!!EMPLOYMENT STATUS!!Civilian population 16 years and over!!In labor force!!Employed",
"S2802_C05_021E","With a computer!!Percent without an Internet Subscription!!Estimate!!EMPLOYMENT STATUS!!Civilian population 16 years and over!!In labor force!!Unemployed",
"S2802_C05_021M","With a computer!!Percent without an Internet Subscription!!Margin of Error!!EMPLOYMENT STATUS!!Civilian population 16 years and over!!In labor force!!Unemployed",
"S2802_C05_022E","With a computer!!Percent without an Internet Subscription!!Estimate!!EMPLOYMENT STATUS!!Civilian population 16 years and over!!Not in labor force",
"S2802_C05_022M","With a computer!!Percent without an Internet Subscription!!Margin of Error!!EMPLOYMENT STATUS!!Civilian population 16 years and over!!Not in labor force",
"S2802_C06_001E","No computer in household!!Estimate!!Total population in households",
"S2802_C06_001M","No computer in household!!Margin of Error!!Total population in households",
"S2802_C06_002E","No computer in household!!Estimate!!AGE!!Under 18 years",
"S2802_C06_002M","No computer in household!!Margin of Error!!AGE!!Under 18 years",
"S2802_C06_003E","No computer in household!!Estimate!!AGE!!18 to 64 years",
"S2802_C06_003M","No computer in household!!Margin of Error!!AGE!!18 to 64 years",
"S2802_C06_004E","No computer in household!!Estimate!!AGE!!65 years and over",
"S2802_C06_004M","No computer in household!!Margin of Error!!AGE!!65 years and over",
"S2802_C06_005E","No computer in household!!Estimate!!RACE AND HISPANIC OR LATINO ORIGIN!!White alone",
"S2802_C06_005M","No computer in household!!Margin of Error!!RACE AND HISPANIC OR LATINO ORIGIN!!White alone",
"S2802_C06_006E","No computer in household!!Estimate!!RACE AND HISPANIC OR LATINO ORIGIN!!Black or African American alone",
"S2802_C06_006M","No computer in household!!Margin of Error!!RACE AND HISPANIC OR LATINO ORIGIN!!Black or African American alone",
"S2802_C06_007E","No computer in household!!Estimate!!RACE AND HISPANIC OR LATINO ORIGIN!!American Indian and Alaska Native alone",
"S2802_C06_007M","No computer in household!!Margin of Error!!RACE AND HISPANIC OR LATINO ORIGIN!!American Indian and Alaska Native alone",
"S2802_C06_008E","No computer in household!!Estimate!!RACE AND HISPANIC OR LATINO ORIGIN!!Asian alone",
"S2802_C06_008M","No computer in household!!Margin of Error!!RACE AND HISPANIC OR LATINO ORIGIN!!Asian alone",
"S2802_C06_009E","No computer in household!!Estimate!!RACE AND HISPANIC OR LATINO ORIGIN!!Native Hawaiian and Other Pacific Islander alone",
"S2802_C06_009M","No computer in household!!Margin of Error!!RACE AND HISPANIC OR LATINO ORIGIN!!Native Hawaiian and Other Pacific Islander alone",
"S2802_C06_010E","No computer in household!!Estimate!!RACE AND HISPANIC OR LATINO ORIGIN!!Some other race alone",
"S2802_C06_010M","No computer in household!!Margin of Error!!RACE AND HISPANIC OR LATINO ORIGIN!!Some other race alone",
"S2802_C06_011E","No computer in household!!Estimate!!RACE AND HISPANIC OR LATINO ORIGIN!!Two or more races",
"S2802_C06_011M","No computer in household!!Margin of Error!!RACE AND HISPANIC OR LATINO ORIGIN!!Two or more races",
"S2802_C06_012E","No computer in household!!Estimate!!RACE AND HISPANIC OR LATINO ORIGIN!!Hispanic or Latino origin (of any race)",
"S2802_C06_012M","No computer in household!!Margin of Error!!RACE AND HISPANIC OR LATINO ORIGIN!!Hispanic or Latino origin (of any race)",
"S2802_C06_013E","No computer in household!!Estimate!!RACE AND HISPANIC OR LATINO ORIGIN!!White alone, not Hispanic or Latino",
"S2802_C06_013M","No computer in household!!Margin of Error!!RACE AND HISPANIC OR LATINO ORIGIN!!White alone, not Hispanic or Latino",
"S2802_C06_014E","No computer in household!!Estimate!!EDUCATIONAL ATTAINMENT!!Household population 25 years and over",
"S2802_C06_014M","No computer in household!!Margin of Error!!EDUCATIONAL ATTAINMENT!!Household population 25 years and over",
"S2802_C06_015E","No computer in household!!Estimate!!EDUCATIONAL ATTAINMENT!!Household population 25 years and over!!Less than high school graduate or equivalency",
"S2802_C06_015M","No computer in household!!Margin of Error!!EDUCATIONAL ATTAINMENT!!Household population 25 years and over!!Less than high school graduate or equivalency",
"S2802_C06_016E","No computer in household!!Estimate!!EDUCATIONAL ATTAINMENT!!Household population 25 years and over!!High school graduate (includes equivalency), some college or associate's degree",
"S2802_C06_016M","No computer in household!!Margin of Error!!EDUCATIONAL ATTAINMENT!!Household population 25 years and over!!High school graduate (includes equivalency), some college or associate's degree",
"S2802_C06_017E","No computer in household!!Estimate!!EDUCATIONAL ATTAINMENT!!Household population 25 years and over!!Bachelor's degree or higher",
"S2802_C06_017M","No computer in household!!Margin of Error!!EDUCATIONAL ATTAINMENT!!Household population 25 years and over!!Bachelor's degree or higher",
"S2802_C06_018E","No computer in household!!Estimate!!EMPLOYMENT STATUS!!Civilian population 16 years and over",
"S2802_C06_018M","No computer in household!!Margin of Error!!EMPLOYMENT STATUS!!Civilian population 16 years and over",
"S2802_C06_019E","No computer in household!!Estimate!!EMPLOYMENT STATUS!!Civilian population 16 years and over!!In labor force",
"S2802_C06_019M","No computer in household!!Margin of Error!!EMPLOYMENT STATUS!!Civilian population 16 years and over!!In labor force",
"S2802_C06_020E","No computer in household!!Estimate!!EMPLOYMENT STATUS!!Civilian population 16 years and over!!In labor force!!Employed",
"S2802_C06_020M","No computer in household!!Margin of Error!!EMPLOYMENT STATUS!!Civilian population 16 years and over!!In labor force!!Employed",
"S2802_C06_021E","No computer in household!!Estimate!!EMPLOYMENT STATUS!!Civilian population 16 years and over!!In labor force!!Unemployed",
"S2802_C06_021M","No computer in household!!Margin of Error!!EMPLOYMENT STATUS!!Civilian population 16 years and over!!In labor force!!Unemployed",
"S2802_C06_022E","No computer in household!!Estimate!!EMPLOYMENT STATUS!!Civilian population 16 years and over!!Not in labor force",
"S2802_C06_022M","No computer in household!!Margin of Error!!EMPLOYMENT STATUS!!Civilian population 16 years and over!!Not in labor force",
"S2802_C07_001E","Percent no computer in household!!Estimate!!Total population in households",
"S2802_C07_001M","Percent no computer in household!!Margin of Error!!Total population in households",
"S2802_C07_002E","Percent no computer in household!!Estimate!!AGE!!Under 18 years",
"S2802_C07_002M","Percent no computer in household!!Margin of Error!!AGE!!Under 18 years",
"S2802_C07_003E","Percent no computer in household!!Estimate!!AGE!!18 to 64 years",
"S2802_C07_003M","Percent no computer in household!!Margin of Error!!AGE!!18 to 64 years",
"S2802_C07_004E","Percent no computer in household!!Estimate!!AGE!!65 years and over",
"S2802_C07_004M","Percent no computer in household!!Margin of Error!!AGE!!65 years and over",
"S2802_C07_005E","Percent no computer in household!!Estimate!!RACE AND HISPANIC OR LATINO ORIGIN!!White alone",
"S2802_C07_005M","Percent no computer in household!!Margin of Error!!RACE AND HISPANIC OR LATINO ORIGIN!!White alone",
"S2802_C07_006E","Percent no computer in household!!Estimate!!RACE AND HISPANIC OR LATINO ORIGIN!!Black or African American alone",
"S2802_C07_006M","Percent no computer in household!!Margin of Error!!RACE AND HISPANIC OR LATINO ORIGIN!!Black or African American alone",
"S2802_C07_007E","Percent no computer in household!!Estimate!!RACE AND HISPANIC OR LATINO ORIGIN!!American Indian and Alaska Native alone",
"S2802_C07_007M","Percent no computer in household!!Margin of Error!!RACE AND HISPANIC OR LATINO ORIGIN!!American Indian and Alaska Native alone",
"S2802_C07_008E","Percent no computer in household!!Estimate!!RACE AND HISPANIC OR LATINO ORIGIN!!Asian alone",
"S2802_C07_008M","Percent no computer in household!!Margin of Error!!RACE AND HISPANIC OR LATINO ORIGIN!!Asian alone",
"S2802_C07_009E","Percent no computer in household!!Estimate!!RACE AND HISPANIC OR LATINO ORIGIN!!Native Hawaiian and Other Pacific Islander alone",
"S2802_C07_009M","Percent no computer in household!!Margin of Error!!RACE AND HISPANIC OR LATINO ORIGIN!!Native Hawaiian and Other Pacific Islander alone",
"S2802_C07_010E","Percent no computer in household!!Estimate!!RACE AND HISPANIC OR LATINO ORIGIN!!Some other race alone",
"S2802_C07_010M","Percent no computer in household!!Margin of Error!!RACE AND HISPANIC OR LATINO ORIGIN!!Some other race alone",
"S2802_C07_011E","Percent no computer in household!!Estimate!!RACE AND HISPANIC OR LATINO ORIGIN!!Two or more races",
"S2802_C07_011M","Percent no computer in household!!Margin of Error!!RACE AND HISPANIC OR LATINO ORIGIN!!Two or more races",
"S2802_C07_012E","Percent no computer in household!!Estimate!!RACE AND HISPANIC OR LATINO ORIGIN!!Hispanic or Latino origin (of any race)",
"S2802_C07_012M","Percent no computer in household!!Margin of Error!!RACE AND HISPANIC OR LATINO ORIGIN!!Hispanic or Latino origin (of any race)",
"S2802_C07_013E","Percent no computer in household!!Estimate!!RACE AND HISPANIC OR LATINO ORIGIN!!White alone, not Hispanic or Latino",
"S2802_C07_013M","Percent no computer in household!!Margin of Error!!RACE AND HISPANIC OR LATINO ORIGIN!!White alone, not Hispanic or Latino",
"S2802_C07_014E","Percent no computer in household!!Estimate!!EDUCATIONAL ATTAINMENT!!Household population 25 years and over",
"S2802_C07_014M","Percent no computer in household!!Margin of Error!!EDUCATIONAL ATTAINMENT!!Household population 25 years and over",
"S2802_C07_015E","Percent no computer in household!!Estimate!!EDUCATIONAL ATTAINMENT!!Household population 25 years and over!!Less than high school graduate or equivalency",
"S2802_C07_015M","Percent no computer in household!!Margin of Error!!EDUCATIONAL ATTAINMENT!!Household population 25 years and over!!Less than high school graduate or equivalency",
"S2802_C07_016E","Percent no computer in household!!Estimate!!EDUCATIONAL ATTAINMENT!!Household population 25 years and over!!High school graduate (includes equivalency), some college or associate's degree",
"S2802_C07_016M","Percent no computer in household!!Margin of Error!!EDUCATIONAL ATTAINMENT!!Household population 25 years and over!!High school graduate (includes equivalency), some college or associate's degree",
"S2802_C07_017E","Percent no computer in household!!Estimate!!EDUCATIONAL ATTAINMENT!!Household population 25 years and over!!Bachelor's degree or higher",
"S2802_C07_017M","Percent no computer in household!!Margin of Error!!EDUCATIONAL ATTAINMENT!!Household population 25 years and over!!Bachelor's degree or higher",
"S2802_C07_018E","Percent no computer in household!!Estimate!!EMPLOYMENT STATUS!!Civilian population 16 years and over",
"S2802_C07_018M","Percent no computer in household!!Margin of Error!!EMPLOYMENT STATUS!!Civilian population 16 years and over",
"S2802_C07_019E","Percent no computer in household!!Estimate!!EMPLOYMENT STATUS!!Civilian population 16 years and over!!In labor force",
"S2802_C07_019M","Percent no computer in household!!Margin of Error!!EMPLOYMENT STATUS!!Civilian population 16 years and over!!In labor force",
"S2802_C07_020E","Percent no computer in household!!Estimate!!EMPLOYMENT STATUS!!Civilian population 16 years and over!!In labor force!!Employed",
"S2802_C07_020M","Percent no computer in household!!Margin of Error!!EMPLOYMENT STATUS!!Civilian population 16 years and over!!In labor force!!Employed",
"S2802_C07_021E","Percent no computer in household!!Estimate!!EMPLOYMENT STATUS!!Civilian population 16 years and over!!In labor force!!Unemployed",
"S2802_C07_021M","Percent no computer in household!!Margin of Error!!EMPLOYMENT STATUS!!Civilian population 16 years and over!!In labor force!!Unemployed",
"S2802_C07_022E","Percent no computer in household!!Estimate!!EMPLOYMENT STATUS!!Civilian population 16 years and over!!Not in labor force",
"S2802_C07_022M","Percent no computer in household!!Margin of Error!!EMPLOYMENT STATUS!!Civilian population 16 years and over!!Not in labor force",
